{
  "application": {
    "pressure_independent": ["A1_1"],
    "pressure_dependent": ["A2_1", "A3_1"]
  },
  "ventilator": {
    "control_valve": ["B1_1", "B2_1"],
    "shut_off_and_diverter_valve": ["B3_1"]
  },
  "valve_connection": {
    "internal_thread": ["C1_1", "C2_1", "C3_1"],
    "external_thread": ["C2_2", "C3_2"],
    "flange": ["C1_2", "C2_3", "C3_3"]
  },
  "connections": {
    "2": ["D1_1", "D1_2", "D2_1", "D2_4", "D2_6", "D3_1", "D3_3", "D3_5"],
    "3": ["D2_2", "D2_5", "D2_7", "D3_2", "D3_4", "D3_6"],
    "6": ["D2_3"]
  },
  "pn_selections": {
    "6": ["E2_6", "E2_10", "E3_5", "E3_8"],
    "10": ["E2_7", "E3_6"],
    "16": ["E1_1", "E1_3", "E2_1", "E2_2", "E2_3", "E2_4", "E2_5", "E2_8", "E2_11", "E3_1", "E3_2", "E3_3", "E3_4", "E3_7"],
    "25": ["E1_2", "E2_9", "E2_12"],
    "40": ["E2_13"]
  }
}
