{
  "A1_1": { "parent": null, "children": ["B1_1"] },
  "B1_1": { "parent": "A1_1", "children": ["C1_1", "C1_2"] },
  "C1_1": { "parent": "B1_1", "children": ["D1_1"] },
  "C1_2": { "parent": "B1_1", "children": ["D1_2"] },
  "D1_1": { "parent": "C1_1", "children": ["E1_1", "E1_2"] },
  "D1_2": { "parent": "C1_2", "children": ["E1_3"] },
  "E1_1": { "parent": "D1_1", "children": [] },
  "E1_2": { "parent": "D1_1", "children": [] },
  "E1_3": { "parent": "D1_2", "children": [] },

  "A2_1": { "parent": null, "children": ["B2_1"] },
  "B2_1": { "parent": "A2_1", "children": ["C2_1", "C2_2", "C2_3"] },
  "C2_1": { "parent": "B2_1", "children": ["D2_1", "D2_2", "D2_3"] },
  "C2_2": { "parent": "B2_1", "children": ["D2_4", "D2_5"] },
  "C2_3": { "parent": "B2_1", "children": ["D2_6", "D2_7"] },
  "D2_1": { "parent": "C2_1", "children": ["E2_1"] },
  "D2_2": { "parent": "C2_1", "children": ["E2_2"] },
  "D2_3": { "parent": "C2_1", "children": ["E2_3"] },
  "D2_4": { "parent": "C2_2", "children": ["E2_4"] },
  "D2_5": { "parent": "C2_2", "children": ["E2_5"] },
  "D2_6": { "parent": "C2_3", "children": ["E2_6", "E2_7", "E2_8", "E2_9"] },
  "D2_7": { "parent": "C2_3", "children": ["E2_10", "E2_11", "E2_12", "E2_13"] },
  "E2_1": { "parent": "D2_1", "children": [] },
  "E2_2": { "parent": "D2_2", "children": [] },
  "E2_3": { "parent": "D2_3", "children": [] },
  "E2_4": { "parent": "D2_4", "children": [] },
  "E2_5": { "parent": "D2_5", "children": [] },
  "E2_6": { "parent": "D2_6", "children": [] },
  "E2_7": { "parent": "D2_6", "children": [] },
  "E2_8": { "parent": "D2_6", "children": [] },
  "E2_9": { "parent": "D2_6", "children": [] },
  "E2_10": { "parent": "D2_7", "children": [] },
  "E2_11": { "parent": "D2_7", "children": [] },
  "E2_12": { "parent": "D2_7", "children": [] },
  "E2_13": { "parent": "D2_7", "children": [] },

  "A3_1": { "parent": null, "children": ["B3_1"] },
  "B3_1": { "parent": "A3_1", "children": ["C3_1", "C3_2", "C3_3"] },
  "C3_1": { "parent": "B3_1", "children": ["D3_1", "D3_2"] },
  "C3_2": { "parent": "B3_1", "children": ["D3_3", "D3_4"] },
  "C3_3": { "parent": "B3_1", "children": ["D3_5", "D3_6"] },
  "D3_1": { "parent": "C3_1", "children": ["E3_1"] },
  "D3_2": { "parent": "C3_1", "children": ["E3_2"] },
  "D3_3": { "parent": "C3_2", "children": ["E3_3"] },
  "D3_4": { "parent": "C3_2", "children": ["E3_4"] },
  "D3_5": { "parent": "C3_3", "children": ["E3_5", "E3_6", "E3_7"] },
  "D3_6": { "parent": "C3_3", "children": ["E3_8"] },
  "E3_1": { "parent": "D3_1", "children": [] },
  "E3_2": { "parent": "D3_2", "children": [] },
  "E3_3": { "parent": "D3_3", "children": [] },
  "E3_4": { "parent": "D3_4", "children": [] },
  "E3_5": { "parent": "D3_5", "children": [] },
  "E3_6": { "parent": "D3_5", "children": [] },
  "E3_7": { "parent": "D3_5", "children": [] },
  "E3_8": { "parent": "D3_6", "children": [] }
}